#Pdb,Partner1,Partner2,Mutation(s)_cleaned
1A22,A,B,RA64A;DA171A
1A22,A,B,RA167K;DA171H;IA179V;QA181K
1A22,A,B,KA168A;EA174A
1A22,A,B,KA172A;FA176A
1A22,A,B,KB234A;KB237A
1A22,A,B,RB270A;RB271A;EB275A
1A22,A,B,NB272A;TB273A;QB274A;EB275A
1A22,A,B,NB272A;TB273A;QB274A;EB275A;WB276A;WB280A
1A22,A,B,SB298A;SB302A
1A22,A,B,SB298A;SB302A;EB320A;KB321A
1A22,A,B,SB298A;SB302A;EB320A;KB321A;QB366A;KB367A;VB371A
1A22,A,B,DB319A;EB320A;KB321A
1A22,A,B,EB320A;KB321A
1A22,A,B,DB352A;RB356A;EB358A
1A22,A,B,RB361A;DB364A;KB367A
1A22,A,B,QB366A;KB367A;VB371A
1A22,A,B,EB383A;KB385A;KB387A;DB390A
1A22,A,B,KB403A;DB405A;KB406A;EB407A;EB409A
1A22,A,B,QB416A;RB417A;NB418A
1A22,A,B,RB417A;NB418A
1AHW,AB,C,TC121A;KC122A
1AHW,AB,C,KC149A;DC150A
1AHW,AB,C,IC152Q;TC154I;YC156T
1AHW,AB,C,KC165A;KC166A
1AHW,AB,C,KC169A;NC171A;NC173A
1AHW,AB,C,SC195A;RC196A
1AHW,AB,C,RC200A;KC201A
1AK4,A,D,LD483T;VD486P;HD487A;AD488M;ID491L;AD492P;MD496I
1BP3,A,B,RA64A;DA171A
1BP3,A,B,KA168A;EA174A
1BP3,A,B,KA172A;FA176A
1BRS,A,D,HA102Q;RA59A
1BRS,A,D,HA102Q;RA59K
1BRS,A,D,KA27A;DD35A
1BRS,A,D,KA27A;DD39A
1BRS,A,D,KA27A;ED76A
1BRS,A,D,KA27A;ED80A
1BRS,A,D,KA27A;TD42A
1BRS,A,D,KA27A;WD38F
1BRS,A,D,KA27A;YD29A
1BRS,A,D,RA59A;DD35A
1BRS,A,D,RA59A;DD39A
1BRS,A,D,RA59A;ED76A
1BRS,A,D,RA59A;ED80A
1BRS,A,D,RA59A;TD42A
1BRS,A,D,RA59A;WD38F
1BRS,A,D,RA59A;YD29A
1BRS,A,D,EA73A;DD35A
1BRS,A,D,EA73A;DD39A
1BRS,A,D,EA73F;DD35A
1BRS,A,D,EA73F;DD39A
1BRS,A,D,EA73Q;DD39A
1BRS,A,D,EA73Q;ED76A
1BRS,A,D,EA73W;DD35A
1BRS,A,D,EA73W;DD39A
1BRS,A,D,EA73W;ED76A
1BRS,A,D,RA83Q;DD35A
1BRS,A,D,RA83Q;DD39A
1BRS,A,D,RA83Q;ED76A
1BRS,A,D,RA83Q;ED80A
1BRS,A,D,RA83Q;TD42A
1BRS,A,D,RA83Q;WD38F
1BRS,A,D,RA83Q;YD29A
1BRS,A,D,RA87A;DD39A
1BRS,A,D,RA87A;ED76A
1BRS,A,D,RA87A;ED80A
1BRS,A,D,RA87A;TD42A
1BRS,A,D,RA87A;WD38F
1BRS,A,D,RA87A;YD29A
1BRS,A,D,HA102A;DD39A
1BRS,A,D,HA102A;ED76A
1BRS,A,D,HA102A;ED80A
1BRS,A,D,HA102A;TD42A
1BRS,A,D,HA102A;WD38F
1BRS,A,D,HA102A;YD29A
1BRS,A,D,HA102A;YD29F
1C1Y,A,B,RB59A;NB64D
1C1Y,A,B,KB84A;RB89G
1C4Z,ABC,D,SA739P;NA741P
1EFN,A,B,TA97H;EA98H
1EMV,A,B,SA65E;NA69K;TA70E;VA71I;QA73E
1EMV,A,B,FB86A;LA33A
1EMV,A,B,FB86A;VA34A
1EMV,A,B,FB86A;VA37A
1EMV,A,B,FB86A;YA54A
1EMV,A,B,FB86A;YA55A
1GL0,E,I,MI30K;LI29R
1GL1,A,I,KI31M;AI32G
1GUA,A,B,RB59A;EA37A
1GUA,A,B,VB69A;EA37A
1HE8,A,B,KA223V;FA221S
1HE8,A,B,KA223V;DA260A
1HE8,A,B,KA223V;DA238A
1HE8,A,B,KA223V;EA267K
1HE8,A,B,KA223V;EA919A
1HE8,A,B,KA223V;EA919K
1HE8,A,B,KA223V;KA251A
1HE8,A,B,KA223V;KA251E
1HE8,A,B,KA223V;KA254A
1HE8,A,B,KA223V;KA255A
1HE8,A,B,KA223V;KA256A
1HE8,A,B,KA223V;KA234A
1HE8,A,B,KA223V;RA226A
1HE8,A,B,KA223V;TA232D
1JRH,LH,I,TI19L;EI21K
1JRH,LH,I,MI25L;II28V
1JRH,LH,I,II35N;PI37S;VI39T;VI41I
1JRH,LH,I,SI54G;EI55G;II57R
1JRH,LH,I,SI54G;EI55P;II57K
1JRH,LH,I,EI55P;II57L
1JRH,LH,I,EI55P;II57R
1JRH,LH,I,AI59S;II61T;HI65D
1JRH,LH,I,SI71Y;DI72E;HI73Q;VI74I;GI75M;DI76Y;SI78D;NI79V;LI81A
1JRH,LH,I,VI83A;RI88K
1JRH,LH,I,AI95D;KI98R;EI100K
1JRH,LH,I,AI103L;VI104M
1JTG,A,B,EA104A;YA105A
1JTG,A,B,EA110G;EA168G
1JTG,A,B,EA110V;EA168G
1JTG,A,B,KA234A;SA130A
1JTG,A,B,KA234A;SA130A;RA243A
1JTG,A,B,KA234A;SA235A;SA130A;RA243A
1JTG,A,B,RA243A;SA130A
1JTG,A,B,RA243A;SA235A;SA130A
1JTG,A,B,SA235A;SA130A
1JTG,A,B,SA235A;SA130A;KA234A
1JTG,A,B,RA243A;KA234A
1JTG,A,B,RA243A;SA235A;KA234A
1JTG,A,B,SA235A;KA234A
1JTG,A,B,RA243A;SA235A
1JTG,A,B,QA99A;DB49A
1JTG,A,B,QA99A;FB142A
1JTG,A,B,QA99A;HB148A
1JTG,A,B,QA99A;KB74A
1JTG,A,B,QA99A;RB160A
1JTG,A,B,QA99A;WB112A
1JTG,A,B,QA99A;WB150A
1JTG,A,B,QA99A;WB162A
1JTG,A,B,NA100A;DB49A
1JTG,A,B,NA100A;FB142A
1JTG,A,B,NA100A;HB148A
1JTG,A,B,NA100A;KB74A
1JTG,A,B,NA100A;RB160A
1JTG,A,B,NA100A;WB112A
1JTG,A,B,NA100A;WB150A
1JTG,A,B,NA100A;WB162A
1JTG,A,B,VA103A;FB142A
1JTG,A,B,VA103A;RB160A
1JTG,A,B,VA103A;WB162A
1JTG,A,B,EA104A;EB73M
1JTG,A,B,EA104A;EB73M;FB142A
1JTG,A,B,EA104A;EB73M;KB74A
1JTG,A,B,EA104A;EB73M;KB74A;FB142A
1JTG,A,B,EA104A;SB113A
1JTG,A,B,EA104A;SB113A;SB71A
1JTG,A,B,EA104K;DB49A
1JTG,A,B,EA104K;FB142A
1JTG,A,B,FB142A;EA104A
1JTG,A,B,FB142A;EA104A;YA105A
1JTG,A,B,FB142A;YB143A;EA104A
1JTG,A,B,FB142A;YB143A;EA104A;YA105A
1JTG,A,B,KB74A;EA104A
1JTG,A,B,KB74A;EA104A;YA105A
1JTG,A,B,KB74A;FB142A;EA104A
1JTG,A,B,KB74A;FB142A;EA104A;YA105A
1JTG,A,B,KB74A;FB142A;YB143A;EA104A
1JTG,A,B,KB74A;FB142A;YB143A;EA104A;YA105A
1JTG,A,B,KB74A;YB143A;EA104A
1JTG,A,B,KB74A;YB143A;EA104A;YA105A
1JTG,A,B,YB143A;EA104A
1JTG,A,B,YB143A;EA104A;YA105A
1JTG,A,B,FB142A;YA105A
1JTG,A,B,FB142A;YB143A;YA105A
1JTG,A,B,KB74A;FB142A;YA105A
1JTG,A,B,KB74A;FB142A;YB143A;YA105A
1JTG,A,B,KB74A;YA105A
1JTG,A,B,KB74A;YB143A;YA105A
1JTG,A,B,YB143A;YA105A
1JTG,A,B,PA107A;HB41A
1JTG,A,B,PA107A;YB50A
1JTG,A,B,PA107A;YB53A
1JTG,A,B,EA110A;SB113A
1JTG,A,B,EA110A;SB113A;SB71A
1JTG,A,B,EA110A;SB71A
1JTG,A,B,EA110A;YB50A
1JTG,A,B,MA129A;FB36A
1JTG,A,B,MA129A;SB113A;SB71A
1JTG,A,B,MA129A;YB50A
1JTG,A,B,MA129A;YB53A
1JTG,A,B,DB49A;SA130A
1JTG,A,B,FB142A;SA130A
1JTG,A,B,FB142A;YB143A;SA130A
1JTG,A,B,KA234A;SA130A;DB49A
1JTG,A,B,KA234A;SA130A;RA243A;DB49A
1JTG,A,B,KA234A;SA235A;SA130A;RA243A;DB49A
1JTG,A,B,KB74A;FB142A;SA130A
1JTG,A,B,KB74A;FB142A;YB143A;SA130A
1JTG,A,B,KB74A;SA130A
1JTG,A,B,KB74A;YB143A;SA130A
1JTG,A,B,RA243A;SA130A;DB49A
1JTG,A,B,RA243A;SA235A;SA130A;DB49A
1JTG,A,B,SA130A;DB49A
1JTG,A,B,SA235A;SA130A;DB49A
1JTG,A,B,SA235A;SA130A;KA234A;DB49A
1JTG,A,B,YB143A;SA130A
1JTG,A,B,EA168A;DB49A
1JTG,A,B,EA168A;FB142A
1JTG,A,B,EA168A;KB74A
1JTG,A,B,EA168A;RB160A
1JTG,A,B,EA168A;WB112A
1JTG,A,B,EA168A;WB150A
1JTG,A,B,EA168A;WB162A
1JTG,A,B,VA216A;FB142A
1JTG,A,B,VA216A;YB50A
1JTG,A,B,DB49A;KA234A
1JTG,A,B,FB142A;KA234A
1JTG,A,B,FB142A;YB143A;KA234A
1JTG,A,B,KA234A;DB49A
1JTG,A,B,KB74A;FB142A;KA234A
1JTG,A,B,KB74A;FB142A;YB143A;KA234A
1JTG,A,B,KB74A;KA234A
1JTG,A,B,KB74A;YB143A;KA234A
1JTG,A,B,RA243A;KA234A;DB49A
1JTG,A,B,RA243A;SA235A;KA234A;DB49A
1JTG,A,B,SA235A;KA234A;DB49A
1JTG,A,B,YB143A;KA234A
1JTG,A,B,RA243A;SA235A;DB49A
1JTG,A,B,SA235A;DB49A
1JTG,A,B,GA238S;DB49A
1JTG,A,B,GA238S;FB142A
1JTG,A,B,DB49A;RA243A
1JTG,A,B,FB142A;RA243A
1JTG,A,B,FB142A;YB143A;RA243A
1JTG,A,B,KB74A;FB142A;RA243A
1JTG,A,B,KB74A;FB142A;YB143A;RA243A
1JTG,A,B,KB74A;RA243A
1JTG,A,B,KB74A;YB143A;RA243A
1JTG,A,B,RA243A;DB49A
1JTG,A,B,YB143A;RA243A
1KBH,A,B,YB98W;IB52V
1KBH,A,B,YB98W;LB57A
1KBH,A,B,YB98W;LB60A
1KBH,A,B,YB98W;LB64A
1KBH,A,B,YB98W;VB76A
1KBH,A,B,YB98W;LB77A
1KBH,A,B,YB98W;LB86A
1KBH,A,B,YB98W;AB89G
1KBH,A,B,YB98W;IB91V
1KBH,A,B,YB98W;VB99A
1KBH,A,B,YB98W;AB89G;LA9A
1KBH,A,B,YB98W;IB52V;LA9A
1KBH,A,B,YB98W;IB91V;LA9A
1KBH,A,B,YB98W;LA9A
1KBH,A,B,YB98W;LB57A;LA9A
1KBH,A,B,YB98W;LB60A;LA9A
1KBH,A,B,YB98W;LB64A;LA9A
1KBH,A,B,YB98W;LB77A;LA9A
1KBH,A,B,YB98W;LB86A;LA9A
1KBH,A,B,YB98W;VB76A;LA9A
1KBH,A,B,YB98W;VB99A;LA9A
1KBH,A,B,YB98W;AB89G;LA10A
1KBH,A,B,YB98W;IB52V;LA10A
1KBH,A,B,YB98W;IB91V;LA10A
1KBH,A,B,YB98W;LA10A
1KBH,A,B,YB98W;LB57A;LA10A
1KBH,A,B,YB98W;LB60A;LA10A
1KBH,A,B,YB98W;LB64A;LA10A
1KBH,A,B,YB98W;VB76A;LA10A
1KBH,A,B,YB98W;VB99A;LA10A
1KBH,A,B,YB98W;AB89G;LA16A
1KBH,A,B,YB98W;IB52V;LA16A
1KBH,A,B,YB98W;IB91V;LA16A
1KBH,A,B,YB98W;LA16A
1KBH,A,B,YB98W;LB57A;LA16A
1KBH,A,B,YB98W;LB60A;LA16A
1KBH,A,B,YB98W;LB64A;LA16A
1KBH,A,B,YB98W;LB77A;LA16A
1KBH,A,B,YB98W;LB86A;LA16A
1KBH,A,B,YB98W;VB76A;LA16A
1KBH,A,B,YB98W;VB99A;LA16A
1KBH,A,B,YB98W;LA17A
1KBH,A,B,YB98W;VB99A;LA17A
1KBH,A,B,YB98W;AA22G
1KBH,A,B,YB98W;AB89G;AA22G
1KBH,A,B,YB98W;IB91V;AA22G
1KBH,A,B,YB98W;LB57A;AA22G
1KBH,A,B,YB98W;LB60A;AA22G
1KBH,A,B,YB98W;LB64A;AA22G
1KBH,A,B,YB98W;LB77A;AA22G
1KBH,A,B,YB98W;LB86A;AA22G
1KBH,A,B,YB98W;VB76A;AA22G
1KBH,A,B,YB98W;LA25A
1KBH,A,B,YB98W;AB89G;IA28V
1KBH,A,B,YB98W;IA28V
1KBH,A,B,YB98W;IB52V;IA28V
1KBH,A,B,YB98W;IB91V;IA28V
1KBH,A,B,YB98W;LB57A;IA28V
1KBH,A,B,YB98W;LB60A;IA28V
1KBH,A,B,YB98W;LB64A;IA28V
1KBH,A,B,YB98W;LB77A;IA28V
1KBH,A,B,YB98W;VB76A;IA28V
1KBH,A,B,YB98W;VB99A;IA28V
1KBH,A,B,YB98W;LA32A
1KBH,A,B,YB98W;AB89G;IA34V
1KBH,A,B,YB98W;IA34V
1KBH,A,B,YB98W;IB52V;IA34V
1KBH,A,B,YB98W;IB91V;IA34V
1KBH,A,B,YB98W;LB57A;IA34V
1KBH,A,B,YB98W;LB60A;IA34V
1KBH,A,B,YB98W;LB64A;IA34V
1KBH,A,B,YB98W;LB77A;IA34V
1KBH,A,B,YB98W;VB76A;IA34V
1KBH,A,B,YB98W;VB99A;IA34V
1KBH,A,B,YB98W;AB89G;VA38A
1KBH,A,B,YB98W;IB52V;VA38A
1KBH,A,B,YB98W;IB91V;VA38A
1KBH,A,B,YB98W;LB57A;VA38A
1KBH,A,B,YB98W;LB77A;VA38A
1KBH,A,B,YB98W;LB86A;VA38A
1KBH,A,B,YB98W;VA38A
1KBH,A,B,YB98W;VB76A;VA38A
1KBH,A,B,YB98W;VB99A;VA38A
1LFD,A,B,MA30K;DA51K;DA58K
1LFD,A,B,MA30K;DA51K;DA58K;DA94K
1LFD,A,B,MA30K;DA58K
1LFD,A,B,MA30K;DA94K
1LFD,A,B,DA51K;DA56K;EA57K
1LFD,A,B,DA58K;DA94K
1LFD,A,B,RA20A;EB237A
1LFD,A,B,NA27A;EB237A
1LFD,A,B,NA27A;RB241A
1LFD,A,B,NA29A;QB225A
1LFD,A,B,NA29A;RB241A
1LFD,A,B,NA29A;SB239A
1LFD,A,B,NA29A;YB240F
1LFD,A,B,YA31A;DB238A
1LFD,A,B,YA31A;EB237A
1LFD,A,B,YA31A;SB239A
1LFD,A,B,YA31F;EB237A
1LFD,A,B,YA31F;RB241A
1LFD,A,B,YA31F;SB239A
1LFD,A,B,YA31F;YB240F
1LFD,A,B,KA32A;QB225A
1LFD,A,B,SA33A;DB238A
1LFD,A,B,SA33A;EB237A
1LFD,A,B,SA33A;YB240F
1LFD,A,B,KA48A;EB263A
1LFD,A,B,KA48A;SB239A
1LFD,A,B,DA51A;DB233A
1LFD,A,B,KA52A;DB238A
1LFD,A,B,HA53A;DB233A
1LFD,A,B,HA53A;SB239A
1LFD,A,B,HA53A;VB229A
1MAH,A,F,YA72N;WA286R
1MAH,A,F,YA72N;YA124Q
1MAH,A,F,YA72N;YA124Q;WA286R
1MAH,A,F,YA124Q;WA286R
1MHP,HL,A,NL30Y;SL91I
1MHP,HL,A,SL91R;NL30E
1MHP,HL,A,WL90Q;FL33Y
1MHP,HL,A,TH50V;KH64E;SL28Q;NL52E
1MHP,HL,A,TH50V;KH64E;SL28Q;NL52Y
1MHP,HL,A,TH50V;SL28Q
1MHP,HL,A,TH50V;SL28Q;NL52Y
1MHP,HL,A,KH64E;SL28Q
1MHP,HL,A,KH64E;SL28Q;NL52Y
1MQ8,A,B,CB161L;CB299F;KB160C;TB300C
1MQ8,A,B,CB161L;KB160C
1MQ8,A,B,CB161L;CB299F
1MQ8,A,B,CB161L;CB299F;EB284C;EB301C
1MQ8,A,B,CB161L;CB299F;KB287C;KB294C
1MQ8,A,B,CB161L;CB299F;LB289C;KB294C
1MQ8,A,B,CB299F;TB300C
1QAB,ABCD,E,VA30M;VB30M;VC30M;VD30M
1QAB,ABCD,E,LA55P;LB55P;LC55P;LD55P
1QAB,ABCD,E,LA58H;LB58H;LC58H;LD58H
1QAB,ABCD,E,TA60A;TB60A;TC60A;TD60A
1QAB,ABCD,E,SA85A;SB85A;SC85A;SD85A
1QAB,ABCD,E,DA99A;DB99A;DC99A;DD99A
1QAB,ABCD,E,SA100E;SB100E;SC100E;SD100E
1QAB,ABCD,E,YA114F;YB114F;YC114F;YD114F
1QAB,ABCD,E,YA114H;YB114H;YC114H;YD114H
1R0R,E,I,VI6I;EI10D;AI15V;TI17S;RI21M;NI28S;GI32S;EI43D;TI49I
1R0R,E,I,DI7N;EI10D;AI15V;TI17S;EI19L;RI21M;VI42A;EI43D
1R0R,E,I,DI7N;EI10G;LI18M;RI21M;EI43D;KI55E
1R0R,E,I,EI10D;AI15V;EI19D;RI21M;GI32S;EI43D;LI48I;KI55R
1R0R,E,I,EI10D;AI15V;EI19D;RI21M;KI29T;GI32S;EI43D;LI48I
1R0R,E,I,EI10D;AI15V;TI17P;EI19D;RI21M;NI28S;GI32S;NI45S;SI51R
1R0R,E,I,EI10D;AI15V;TI17S;EI19D;RI21M;KI29T;GI32N;NI36I;EI43D;LI48I
1R0R,E,I,EI10D;AI15V;TI17S;RI21M;NI28S;GI32N;NI36D;SI51G
1R0R,E,I,EI10D;AI15V;TI17S;RI21M;NI28S;GI32S;EI43D
1R0R,E,I,EI10D;AI15V;TI17S;RI21M;NI28S;GI32S;NI36D;EI43D
1R0R,E,I,EI10D;AI15V;TI17S;RI21M;NI28S;GI32S;NI36D;EI43D;TI49N
1R0R,E,I,EI10D;AI15V;TI17S;RI21M;NI28S;GI32S;NI36D;VI41F;EI43D;TI49S
1R0R,E,I,EI10D;AI15V;TI17S;RI21M;NI28S;GI32S;VI42A;EI43D
1R0R,E,I,EI10D;AI15V;TI17S;RI21M;VI42A;EI43D
1R0R,E,I,EI10D;AI15V;TI17S;YI20D;RI21M;NI28S;GI32S;EI43D
1R0R,E,I,EI10D;AI15V;YI20D;RI21M;KI29I;GI32H;NI36Y;VI42A;EI43H;LI50F
1R0R,E,I,EI10D;AI15V;YI20E;RI21M;EI43D
1R0R,E,I,EI10D;KI13M;LI18M;LI23V
1R0R,E,I,EI10D;KI13R;AI15D;RI21M;EI43D
1R0R,E,I,EI10D;KI13R;AI15V;EI19D;RI21M;GI32S;EI43D;LI48I;KI55R
1R0R,E,I,EI10D;LI18F;RI21M;EI43D
1R0R,E,I,EI10D;LI18M;RI21M;EI43D
1R0R,E,I,EI10D;LI18M;RI21M;GI32D;EI43D
1R0R,E,I,EI10D;LI18V;RI21M;EI43D
1R0R,E,I,EI10D;LI18V;RI21M;GI32D;EI43D
1R0R,E,I,EI10D;RI21M;EI43D
1R0R,E,I,EI10D;RI21M;KI29Q;GI32S;NI36S;EI43D
1R0R,E,I,EI10D;RI21M;KI34R;EI43D
1R0R,E,I,EI10D;RI21M;LI23F;NI28S;GI32S;EI43D
1R0R,E,I,EI10D;TI17L;RI21M;GI32D;NI36S;EI43D;TI49S
1R0R,E,I,EI10D;TI17R;LI18M;RI21M;EI43D
1R0R,E,I,EI10D;TI17S;EI19D;RI21M;NI28S;GI32S;EI43D;GI54E
1R0R,E,I,EI10D;YI11H;AI15V;TI17S;RI21M;NI28S;GI32S;NI36D
1R0R,E,I,EI10G;KI13Q;TI17S;RI21V;LI23F;GI32S;NI36D;VI42A;EI43D
1R0R,E,I,EI10G;LI18M;RI21M;EI43D
1R0R,E,I,EI10G;LI18M;RI21M;EI43D;KI55E
1R0R,E,I,EI10G;LI18M;YI20S;LI23I;KI29T;GI32S;HI52Y;FI53P;KI55V
1R0R,E,I,YI11H;EI19D;LI23I;NI28S;GI32S;NI36D;VI42M;EI43D
1R0R,E,I,KI13S;PI14D;AI15Y
1R0R,E,I,KI13S;PI14D;AI15Y;LI18G;EI19I;RI21K
1R0R,E,I,KI13T;PI14E;AI15Y
1R0R,E,I,KI13T;PI14E;AI15Y;LI18G;RI21M;GI32P;NI36V
1R0R,E,I,PI14S;AI15L;TI17K;LI18R
1R0R,E,I,AI15D;GI32A
1R0R,E,I,AI15D;GI32A;NI33S
1R0R,E,I,AI15D;LI18A
1R0R,E,I,AI15D;LI18A;YI20D
1R0R,E,I,AI15G;LI18M;LI23V;KI29I;EI43K
1R0R,E,I,AI15R;LI18R
1R0R,E,I,AI15R;TI17K;LI18R
1R0R,E,I,AI15T;LI18M
1R0R,E,I,AI15V;TI17S
1R0R,E,I,AI15V;TI17S;LI18P;RI21M;NI28S;GI32N;NI36D;NI39S;SI51G
1R0R,E,I,AI15V;TI17S;RI21M;NI28S;KI29Q;GI32S;KI34E;EI43D
1R0R,E,I,TI17K;LI18R
1R0R,E,I,TI17M;LI18S;GI32V
1R0R,E,I,TI17P;LI18K;EI19D;LI23V;GI32S;SI51N
1R0R,E,I,TI17P;LI18K;EI19D;LI23V;SI51N
1R0R,E,I,TI17R;LI18R
1R0R,E,I,LI18I;GI32D
1R0R,E,I,LI18M;GI32D
1R0R,E,I,LI18M;HI52R
1R0R,E,I,LI18M;HI52R;KI55E
1R0R,E,I,LI18M;LI23V;KI29I;EI43K
1R0R,E,I,LI18M;NI36D;SI51N
1R0R,E,I,LI18M;SI51N
1R0R,E,I,LI18M;SI51N;HI52R;KI55Q
1R0R,E,I,LI18M;TI30S;GI32D
1R0R,E,I,LI18M;TI49N;KI55T
1R0R,E,I,LI18M;YI20Q
1R0R,E,I,LI18S;RI21V;LI23I
1R0R,E,I,RI21M;KI29Q;GI32S;EI43D
1R0R,E,I,RI21V;LI23I
1R0R,E,I,NI28S;GI32A